{"cameraMode":{"drawMode":0,"name":"Shaded","section":"Shading Mode"},"sceneLighting":true,"audioPlay":false,"sceneViewState":{"showFog":true,"showMaterialUpdate":false,"showSkybox":false,"showFlares":true,"showImageEffects":true,"showParticleSystems":true},"in2DMode":false,"pivot":{"x":3.418125629425049,"y":2.3907265663146974,"z":-9.420552253723145},"rotation":{"x":0.16811636090278626,"y":-0.29513683915138247,"z":0.05284499377012253,"w":0.9391095042228699},"size":0.869766891002655,"orthographic":false}