{"cameraMode":{"drawMode":0,"name":"Shaded","section":"Shading Mode"},"sceneLighting":true,"audioPlay":false,"sceneViewState":{"showFog":true,"showMaterialUpdate":false,"showSkybox":false,"showFlares":true,"showImageEffects":true,"showParticleSystems":true},"in2DMode":false,"pivot":{"x":11.971275329589844,"y":1.0637084245681763,"z":-6.561648368835449},"rotation":{"x":-0.02963678538799286,"y":-0.9703670144081116,"z":0.1662115454673767,"w":-0.172960564494133},"size":4.437895774841309,"orthographic":false}