{"cameraMode":{"drawMode":0,"name":"Shaded","section":"Shading Mode"},"sceneLighting":true,"audioPlay":false,"sceneViewState":{"showFog":true,"showMaterialUpdate":false,"showSkybox":false,"showFlares":true,"showImageEffects":true,"showParticleSystems":true},"in2DMode":false,"pivot":{"x":3.230140209197998,"y":-4.807674407958984,"z":11.420004844665528},"rotation":{"x":0.16587601602077485,"y":0.007396884728223085,"z":-0.0012341697001829744,"w":0.9861627221107483},"size":10.708053588867188,"orthographic":false}