{"cameraMode":{"drawMode":0,"name":"Shaded","section":"Shading Mode"},"sceneLighting":true,"audioPlay":false,"sceneViewState":{"showFog":true,"showMaterialUpdate":false,"showSkybox":false,"showFlares":true,"showImageEffects":true,"showParticleSystems":true},"in2DMode":false,"pivot":{"x":3.84653377532959,"y":2.1187567710876467,"z":3.817931652069092},"rotation":{"x":0.1369166225194931,"y":0.6611930727958679,"z":-0.12452168017625809,"w":0.7270480394363403},"size":4.063449859619141,"orthographic":false}