{"cameraMode":{"drawMode":0,"name":"Shaded","section":"Shading Mode"},"sceneLighting":false,"audioPlay":false,"sceneViewState":{"showFog":true,"showMaterialUpdate":false,"showSkybox":false,"showFlares":true,"showImageEffects":true,"showParticleSystems":true},"in2DMode":false,"pivot":{"x":-4.5503740310668949,"y":0.5878580808639526,"z":-7.10667610168457},"rotation":{"x":0.00007534237374784425,"y":0.9709421396255493,"z":-0.23932167887687684,"w":0.00030663644429296255},"size":0.7644495368003845,"orthographic":false}