{"cameraMode":{"drawMode":0,"name":"Shaded","section":"Shading Mode"},"sceneLighting":false,"audioPlay":false,"sceneViewState":{"showFog":true,"showMaterialUpdate":false,"showSkybox":false,"showFlares":true,"showImageEffects":true,"showParticleSystems":true},"in2DMode":false,"pivot":{"x":0.03708233684301376,"y":0.5651916265487671,"z":1.0641365051269532},"rotation":{"x":0.2825968265533447,"y":-0.0005770286661572754,"z":0.000170030165463686,"w":0.9592394828796387},"size":1.0341527462005616,"orthographic":false}