{"cameraMode":{"drawMode":0,"name":"Shaded","section":"Shading Mode"},"sceneLighting":true,"audioPlay":false,"sceneViewState":{"showFog":true,"showMaterialUpdate":false,"showSkybox":true,"showFlares":true,"showImageEffects":true,"showParticleSystems":true},"in2DMode":false,"pivot":{"x":7.731479167938232,"y":3.6251883506774904,"z":1.1853196620941163},"rotation":{"x":0.18578220903873444,"y":0.7734092473983765,"z":-0.2631845772266388,"w":0.5459502339363098},"size":0.2578614354133606,"orthographic":false}