{"cameraMode":{"drawMode":0,"name":"Shaded","section":"Shading Mode"},"sceneLighting":true,"audioPlay":false,"sceneViewState":{"showFog":true,"showMaterialUpdate":false,"showSkybox":false,"showFlares":true,"showImageEffects":true,"showParticleSystems":true},"in2DMode":false,"pivot":{"x":1.4026050567626954,"y":1.2609539031982422,"z":1.2484703063964844},"rotation":{"x":0.10398442298173905,"y":-0.7143851518630981,"z":0.10869897156953812,"w":0.6833962202072144},"size":0.6796196699142456,"orthographic":false}