{"cameraMode":{"drawMode":0,"name":"Shaded","section":"Shading Mode"},"sceneLighting":false,"audioPlay":false,"sceneViewState":{"showFog":true,"showMaterialUpdate":false,"showSkybox":false,"showFlares":true,"showImageEffects":true,"showParticleSystems":true},"in2DMode":false,"pivot":{"x":11.96916389465332,"y":0.9741707444190979,"z":3.1399340629577638},"rotation":{"x":0.23074108362197877,"y":-0.4668440818786621,"z":0.1276126503944397,"w":0.8441171050071716},"size":1.0867226123809815,"orthographic":false}