{"cameraMode":{"drawMode":0,"name":"Shaded","section":"Shading Mode"},"sceneLighting":false,"audioPlay":false,"sceneViewState":{"showFog":true,"showMaterialUpdate":false,"showSkybox":false,"showFlares":true,"showImageEffects":true,"showParticleSystems":true},"in2DMode":false,"pivot":{"x":0.6200001239776611,"y":2.3435001373291017,"z":-1.4797024726867676},"rotation":{"x":0.23074108362197877,"y":-0.4668440818786621,"z":0.1276126503944397,"w":0.8441171050071716},"size":15.005166053771973,"orthographic":false}