{"cameraMode":{"drawMode":0,"name":"Shaded","section":"Shading Mode"},"sceneLighting":true,"audioPlay":false,"sceneViewState":{"showFog":true,"showMaterialUpdate":false,"showSkybox":true,"showFlares":true,"showImageEffects":true,"showParticleSystems":true},"in2DMode":false,"pivot":{"x":10.991453170776368,"y":2.526240348815918,"z":0.8124648332595825},"rotation":{"x":0.2789246737957001,"y":0.6487627029418945,"z":-0.2778691351413727,"w":0.6512311697006226},"size":2.653717279434204,"orthographic":false}