{"cameraMode":{"drawMode":0,"name":"Shaded","section":"Shading Mode"},"sceneLighting":false,"audioPlay":false,"sceneViewState":{"showFog":true,"showMaterialUpdate":false,"showSkybox":false,"showFlares":true,"showImageEffects":true,"showParticleSystems":true},"in2DMode":false,"pivot":{"x":0.000014781951904296875,"y":8.345806121826172,"z":1.844294548034668},"rotation":{"x":0.12996524572372437,"y":0.45808690786361697,"z":-0.06790610402822495,"w":0.8767313957214356},"size":10.45785903930664,"orthographic":false}