{"cameraMode":{"drawMode":0,"name":"Shaded","section":"Shading Mode"},"sceneLighting":true,"audioPlay":false,"sceneViewState":{"showFog":true,"showMaterialUpdate":false,"showSkybox":true,"showFlares":true,"showImageEffects":true,"showParticleSystems":true},"in2DMode":false,"pivot":{"x":10.941548347473145,"y":1.6808512210845948,"z":-0.4506678581237793},"rotation":{"x":-0.09356510639190674,"y":0.8575892448425293,"z":-0.1683691442012787,"w":-0.4772573411464691},"size":6.520320415496826,"orthographic":false}