{"cameraMode":{"drawMode":0,"name":"Shaded","section":"Shading Mode"},"sceneLighting":false,"audioPlay":false,"sceneViewState":{"showFog":true,"showMaterialUpdate":false,"showSkybox":false,"showFlares":true,"showImageEffects":true,"showParticleSystems":true},"in2DMode":false,"pivot":{"x":2.8429999351501467,"y":0.5622593760490418,"z":-8.187999725341797},"rotation":{"x":0.23074108362197877,"y":-0.4668440818786621,"z":0.1276126503944397,"w":0.8441171050071716},"size":1.6738604307174683,"orthographic":false}