{"cameraMode":{"drawMode":0,"name":"Shaded","section":"Shading Mode"},"sceneLighting":false,"audioPlay":false,"sceneViewState":{"showFog":true,"showMaterialUpdate":false,"showSkybox":false,"showFlares":true,"showImageEffects":true,"showParticleSystems":true},"in2DMode":false,"pivot":{"x":3.364074230194092,"y":1.9049999713897706,"z":3.256999969482422},"rotation":{"x":0.03871754929423332,"y":-0.9476025700569153,"z":0.29094693064689639,"w":0.12610070407390595},"size":1.5139179229736329,"orthographic":true}