{"cameraMode":{"drawMode":0,"name":"Shaded","section":"Shading Mode"},"sceneLighting":true,"audioPlay":false,"sceneViewState":{"showFog":true,"showMaterialUpdate":false,"showSkybox":true,"showFlares":true,"showImageEffects":true,"showParticleSystems":true},"in2DMode":false,"pivot":{"x":3.623074769973755,"y":1.9453129768371583,"z":-4.320169448852539},"rotation":{"x":0.1392599493265152,"y":0.4698261320590973,"z":-0.07533898204565048,"w":0.8684579730033875},"size":3.153749704360962,"orthographic":false}