{"cameraMode":{"drawMode":0,"name":"Shaded","section":"Shading Mode"},"sceneLighting":true,"audioPlay":false,"sceneViewState":{"showFog":true,"showMaterialUpdate":false,"showSkybox":true,"showFlares":true,"showImageEffects":true,"showParticleSystems":true},"in2DMode":false,"pivot":{"x":5.788104057312012,"y":-2.8537092208862306,"z":6.979613304138184},"rotation":{"x":-0.18094278872013093,"y":-0.10470406711101532,"z":0.01958845928311348,"w":-0.9778266549110413},"size":9.111881256103516,"orthographic":false}