{"cameraMode":{"drawMode":0,"name":"Shaded","section":"Shading Mode"},"sceneLighting":true,"audioPlay":false,"sceneViewState":{"showFog":true,"showMaterialUpdate":false,"showSkybox":true,"showFlares":true,"showImageEffects":true,"showParticleSystems":true},"in2DMode":false,"pivot":{"x":2.414194345474243,"y":-0.941146731376648,"z":-2.3591132164001467},"rotation":{"x":0.30637598037719729,"y":0.02564489282667637,"z":-0.008258798159658909,"w":0.9515314698219299},"size":5.877917766571045,"orthographic":false}