{"cameraMode":{"drawMode":0,"name":"Shaded","section":"Shading Mode"},"sceneLighting":true,"audioPlay":false,"sceneViewState":{"showFog":true,"showMaterialUpdate":false,"showSkybox":true,"showFlares":true,"showImageEffects":true,"showParticleSystems":true},"in2DMode":false,"pivot":{"x":23.259550094604493,"y":2.4731063842773439,"z":-4.310009479522705},"rotation":{"x":-0.12168396264314652,"y":0.3570633828639984,"z":-0.04698164388537407,"w":-0.9249415397644043},"size":2.1794965267181398,"orthographic":false}