{"cameraMode":{"drawMode":0,"name":"Shaded","section":"Shading Mode"},"sceneLighting":false,"audioPlay":false,"sceneViewState":{"showFog":true,"showMaterialUpdate":false,"showSkybox":false,"showFlares":true,"showImageEffects":true,"showParticleSystems":true},"in2DMode":false,"pivot":{"x":7.009134292602539,"y":2.7431387901306154,"z":8.21523380279541},"rotation":{"x":0.03871754929423332,"y":-0.9476025700569153,"z":0.29094693064689639,"w":0.12610070407390595},"size":2.948486328125,"orthographic":true}