{"cameraMode":{"drawMode":0,"name":"Shaded","section":"Shading Mode"},"sceneLighting":false,"audioPlay":false,"sceneViewState":{"showFog":true,"showMaterialUpdate":false,"showSkybox":false,"showFlares":true,"showImageEffects":true,"showParticleSystems":true},"in2DMode":false,"pivot":{"x":-1.6938254833221436,"y":0.43651464581489565,"z":-2.236091136932373},"rotation":{"x":0.03871754929423332,"y":-0.9476025700569153,"z":0.29094693064689639,"w":0.12610070407390595},"size":0.6116161346435547,"orthographic":true}