{"cameraMode":{"drawMode":0,"name":"Shaded","section":"Shading Mode"},"sceneLighting":false,"audioPlay":false,"sceneViewState":{"showFog":true,"showMaterialUpdate":false,"showSkybox":false,"showFlares":true,"showImageEffects":true,"showParticleSystems":true},"in2DMode":false,"pivot":{"x":-4.4070000648498539,"y":1.072873592376709,"z":3.645925998687744},"rotation":{"x":-0.3448236584663391,"y":-0.05429498851299286,"z":0.019983502104878427,"w":-0.9368844628334045},"size":1.1539381742477418,"orthographic":false}