{"cameraMode":{"drawMode":0,"name":"Shaded","section":"Shading Mode"},"sceneLighting":false,"audioPlay":false,"sceneViewState":{"showFog":true,"showMaterialUpdate":false,"showSkybox":false,"showFlares":true,"showImageEffects":true,"showParticleSystems":true},"in2DMode":false,"pivot":{"x":11.458684921264649,"y":-0.0000019669532775878908,"z":12.029766082763672},"rotation":{"x":-0.3448236584663391,"y":-0.05429498851299286,"z":0.019983502104878427,"w":-0.9368844628334045},"size":0.08690284937620163,"orthographic":false}