{"cameraMode":{"drawMode":0,"name":"Shaded","section":"Shading Mode"},"sceneLighting":false,"audioPlay":false,"sceneViewState":{"showFog":true,"showMaterialUpdate":false,"showSkybox":false,"showFlares":true,"showImageEffects":true,"showParticleSystems":true},"in2DMode":false,"pivot":{"x":-0.13625667989253999,"y":0.09658972918987274,"z":-0.004379882011562586},"rotation":{"x":0.013852892443537712,"y":-0.93887859582901,"z":0.03804542124271393,"w":0.34186094999313357},"size":0.2759033739566803,"orthographic":false}