{"cameraMode":{"drawMode":0,"name":"Shaded","section":"Shading Mode"},"sceneLighting":false,"audioPlay":false,"sceneViewState":{"showFog":true,"showMaterialUpdate":false,"showSkybox":false,"showFlares":true,"showImageEffects":true,"showParticleSystems":true},"in2DMode":false,"pivot":{"x":-1.846000075340271,"y":1.359361171722412,"z":5.368000030517578},"rotation":{"x":0.03871754929423332,"y":-0.9476025700569153,"z":0.29094693064689639,"w":0.12610070407390595},"size":2.308166027069092,"orthographic":true}