{"cameraMode":{"drawMode":0,"name":"Shaded","section":"Shading Mode"},"sceneLighting":true,"audioPlay":false,"sceneViewState":{"showFog":true,"showMaterialUpdate":false,"showSkybox":true,"showFlares":true,"showImageEffects":true,"showParticleSystems":true},"in2DMode":false,"pivot":{"x":2.661102056503296,"y":1.2255983352661133,"z":-1.3951127529144288},"rotation":{"x":0.24022597074508668,"y":-0.023114506155252458,"z":0.005726126488298178,"w":0.9704357981681824},"size":2.64906907081604,"orthographic":false}