{"cameraMode":{"drawMode":0,"name":"Shaded","section":"Shading Mode"},"sceneLighting":false,"audioPlay":false,"sceneViewState":{"showFog":true,"showMaterialUpdate":false,"showSkybox":false,"showFlares":true,"showImageEffects":true,"showParticleSystems":true},"in2DMode":false,"pivot":{"x":-4.454057693481445,"y":0.8757270574569702,"z":-12.934014320373536},"rotation":{"x":-0.08944758772850037,"y":0.903611421585083,"z":-0.23150944709777833,"w":-0.34912624955177309},"size":1.5896110534667969,"orthographic":false}