{"cameraMode":{"drawMode":0,"name":"Shaded","section":"Shading Mode"},"sceneLighting":true,"audioPlay":false,"sceneViewState":{"showFog":true,"showMaterialUpdate":false,"showSkybox":true,"showFlares":true,"showImageEffects":true,"showParticleSystems":true},"in2DMode":false,"pivot":{"x":36.8610725402832,"y":-0.8947558403015137,"z":8.250563621520996},"rotation":{"x":-0.1268884241580963,"y":-0.5776129961013794,"z":0.09176069498062134,"w":-0.8014507293701172},"size":9.892857551574707,"orthographic":false}