{"cameraMode":{"drawMode":0,"name":"Shaded","section":"Shading Mode"},"sceneLighting":false,"audioPlay":false,"sceneViewState":{"showFog":true,"showMaterialUpdate":false,"showSkybox":false,"showFlares":true,"showImageEffects":true,"showParticleSystems":true},"in2DMode":false,"pivot":{"x":0.0,"y":5.942564010620117,"z":4.76837158203125e-7},"rotation":{"x":-0.007020221557468176,"y":0.9048420786857605,"z":-0.014931250363588333,"w":-0.42542919516563418},"size":9.153362274169922,"orthographic":true}