{"cameraMode":{"drawMode":0,"name":"Shaded","section":"Shading Mode"},"sceneLighting":false,"audioPlay":false,"sceneViewState":{"showFog":true,"showMaterialUpdate":false,"showSkybox":false,"showFlares":true,"showImageEffects":true,"showParticleSystems":true},"in2DMode":false,"pivot":{"x":5.814008712768555,"y":0.16866272687911988,"z":4.56803035736084},"rotation":{"x":-0.3448236584663391,"y":-0.05429498851299286,"z":0.019983502104878427,"w":-0.9368844628334045},"size":0.25237950682640078,"orthographic":false}