{"cameraMode":{"drawMode":0,"name":"Shaded","section":"Shading Mode"},"sceneLighting":false,"audioPlay":false,"sceneViewState":{"showFog":true,"showMaterialUpdate":false,"showSkybox":false,"showFlares":true,"showImageEffects":true,"showParticleSystems":true},"in2DMode":false,"pivot":{"x":4.894180774688721,"y":8.753799438476563,"z":16.730609893798829},"rotation":{"x":-0.2970677614212036,"y":0.6329994201660156,"z":-0.28724944591522219,"w":-0.6546425223350525},"size":0.5270089507102966,"orthographic":true}