{"cameraMode":{"drawMode":0,"name":"Shaded","section":"Shading Mode"},"sceneLighting":false,"audioPlay":false,"sceneViewState":{"showFog":true,"showMaterialUpdate":false,"showSkybox":false,"showFlares":true,"showImageEffects":true,"showParticleSystems":true},"in2DMode":false,"pivot":{"x":13.302166938781739,"y":0.5650278329849243,"z":1.0004315376281739},"rotation":{"x":-0.3448236584663391,"y":-0.05429498851299286,"z":0.019983502104878427,"w":-0.9368844628334045},"size":2.5262198448181154,"orthographic":false}