{"cameraMode":{"drawMode":0,"name":"Shaded","section":"Shading Mode"},"sceneLighting":false,"audioPlay":false,"sceneViewState":{"showFog":true,"showMaterialUpdate":false,"showSkybox":false,"showFlares":true,"showImageEffects":true,"showParticleSystems":true},"in2DMode":false,"pivot":{"x":-10.156148910522461,"y":0.4978119730949402,"z":-1.7881684303283692},"rotation":{"x":0.23074108362197877,"y":-0.4668440818786621,"z":0.1276126503944397,"w":0.8441171050071716},"size":0.7956383228302002,"orthographic":false}