{"cameraMode":{"drawMode":0,"name":"Shaded","section":"Shading Mode"},"sceneLighting":true,"audioPlay":false,"sceneViewState":{"showFog":true,"showMaterialUpdate":false,"showSkybox":false,"showFlares":true,"showImageEffects":true,"showParticleSystems":true},"in2DMode":false,"pivot":{"x":0.09720993041992188,"y":1.305288314819336,"z":0.9711689949035645},"rotation":{"x":0.15487439930438996,"y":-0.34379732608795168,"z":0.057599928230047229,"w":0.9243941903114319},"size":1.2335853576660157,"orthographic":false}