{"cameraMode":{"drawMode":0,"name":"Shaded","section":"Shading Mode"},"sceneLighting":false,"audioPlay":false,"sceneViewState":{"showFog":true,"showMaterialUpdate":false,"showSkybox":false,"showFlares":true,"showImageEffects":true,"showParticleSystems":true},"in2DMode":false,"pivot":{"x":6.641942024230957,"y":0.38674086332321169,"z":4.166505336761475},"rotation":{"x":-0.08944758772850037,"y":0.903611421585083,"z":-0.23150944709777833,"w":-0.34912624955177309},"size":0.7581725716590881,"orthographic":false}