{"cameraMode":{"drawMode":0,"name":"Shaded","section":"Shading Mode"},"sceneLighting":false,"audioPlay":false,"sceneViewState":{"showFog":true,"showMaterialUpdate":false,"showSkybox":false,"showFlares":true,"showImageEffects":true,"showParticleSystems":true},"in2DMode":false,"pivot":{"x":-2.9802322387695315e-8,"y":0.08122208714485169,"z":-1.043081283569336e-7},"rotation":{"x":-0.001965008908882737,"y":0.9977824687957764,"z":-0.05693526938557625,"w":-0.03443702682852745},"size":0.3956259489059448,"orthographic":true}