{"cameraMode":{"drawMode":0,"name":"Shaded","section":"Shading Mode"},"sceneLighting":true,"audioPlay":false,"sceneViewState":{"showFog":true,"showMaterialUpdate":false,"showSkybox":true,"showFlares":true,"showImageEffects":true,"showParticleSystems":true},"in2DMode":false,"pivot":{"x":3.623074769973755,"y":1.9453129768371583,"z":-4.320169448852539},"rotation":{"x":-0.060958415269851688,"y":0.3242214322090149,"z":0.020944353193044664,"w":0.9437960982322693},"size":1.0499999523162842,"orthographic":false}