{"cameraMode":{"drawMode":0,"name":"Shaded","section":"Shading Mode"},"sceneLighting":true,"audioPlay":false,"sceneViewState":{"showFog":true,"showMaterialUpdate":false,"showSkybox":true,"showFlares":true,"showImageEffects":true,"showParticleSystems":true},"in2DMode":false,"pivot":{"x":2.6950905323028566,"y":1.5611000061035157,"z":-4.594912528991699},"rotation":{"x":0.18766163289546967,"y":-0.05017600953578949,"z":0.009379210881888867,"w":0.9810158014297485},"size":2.1881446838378908,"orthographic":false}