{"cameraMode":{"drawMode":0,"name":"Shaded","section":"Shading Mode"},"sceneLighting":false,"audioPlay":false,"sceneViewState":{"showFog":true,"showMaterialUpdate":false,"showSkybox":false,"showFlares":true,"showImageEffects":true,"showParticleSystems":true},"in2DMode":false,"pivot":{"x":6.557394027709961,"y":1.24967622756958,"z":6.670000076293945},"rotation":{"x":0.03871754929423332,"y":-0.9476025700569153,"z":0.29094693064689639,"w":0.12610070407390595},"size":1.9239362478256226,"orthographic":true}