{"cameraMode":{"drawMode":0,"name":"Shaded","section":"Shading Mode"},"sceneLighting":false,"audioPlay":false,"sceneViewState":{"showFog":true,"showMaterialUpdate":false,"showSkybox":false,"showFlares":true,"showImageEffects":true,"showParticleSystems":true},"in2DMode":false,"pivot":{"x":2.61899995803833,"y":0.10999999940395355,"z":-6.0970001220703129},"rotation":{"x":0.23074108362197877,"y":-0.4668440818786621,"z":0.1276126503944397,"w":0.8441171050071716},"size":1.4606634378433228,"orthographic":false}