{"cameraMode":{"drawMode":0,"name":"Shaded","section":"Shading Mode"},"sceneLighting":false,"audioPlay":false,"sceneViewState":{"showFog":true,"showMaterialUpdate":false,"showSkybox":false,"showFlares":true,"showImageEffects":true,"showParticleSystems":true},"in2DMode":false,"pivot":{"x":5.104863166809082,"y":0.39781349897384646,"z":1.8508611917495728},"rotation":{"x":-0.3448236584663391,"y":-0.05429498851299286,"z":0.019983502104878427,"w":-0.9368844628334045},"size":0.8153138756752014,"orthographic":false}