{"cameraMode":{"drawMode":0,"name":"Shaded","section":"Shading Mode"},"sceneLighting":true,"audioPlay":false,"sceneViewState":{"showFog":true,"showMaterialUpdate":false,"showSkybox":true,"showFlares":true,"showImageEffects":true,"showParticleSystems":true},"in2DMode":false,"pivot":{"x":2.1782798767089845,"y":0.37642860412597659,"z":-2.434859275817871},"rotation":{"x":-0.08325513452291489,"y":0.9017509818077087,"z":-0.20099560916423798,"w":-0.37351760268211367},"size":4.166025161743164,"orthographic":false}